Country.Name,Year,GDP.Growth,DPT.Immunisation,Gini.Coefficient,Measles.Immunisation,Infant.Mortality.Rate,Annual.PM.2.5.Exposure,Population.Living.In.Slums,Prevalence.Of.Undernourishment,Sever.wasting..weight.for.height,Death.From.Communicable.Diseases,Political.Stability,Overall.Global.Gender.Gap.Index
Nigeria,2010,8.00565591528178,54,42.3,56,38,52.6090639108744,62.7000007629395,7.8,10.3333333333333,68.9355246696758,-0.91528553,0.696
Argentina,2019,-2.08801486066213,86,42.9,94,6.1,15.6989201835369,23.525000333786,3.9,1.6,17.5964944783087,0.98012269,0.7338
Nigeria,2011,5.30792420366642,48,42.3,49,37.7,50.9730892257392,63.3625011444092,8.1,10.2,68.5584471597036,-0.95999706,0.702
Nigeria,2012,4.23006117510553,42,42.3,42,37.6,56.1296377006339,63.3625011444092,8.8,10.3333333333333,68.5584471597036,-1.2205319,0.707
Nigeria,2013,6.67133539288378,43,42.3,43,37.4,49.7406889360452,63.3625011444092,9,10.3333333333333,68.5584471597036,-1.2499325,0.698153846153846
Nigeria,2014,6.30971865572383,43,42.3,44,37.3,48.6333736074304,50.2000007629395,9.3,7.9,68.5584471597036,-1.086036,0.698153846153846
Nigeria,2015,2.65269329541835,42,42.3,42,37.1,75.3989918741326,63.3625011444092,9.2,7.3,66.4700062869741,-1.493914,0.5752
Nigeria,2016,-1.61686894991816,53,42.3,51,36.9,71.3696010012744,53.9000015258789,9.4,10.8,68.5584471597036,-2.009063,0.5842
Nigeria,2017,0.805886619542704,55,42.3,54,36.7,71.7981743753326,63.3625011444092,10,10.3333333333333,68.5584471597036,-1.7882242,0.5872
Nigeria,2018,1.92275734157302,56,35.1,54,36.3,62.0583917677113,53.9000015258789,10.7,6.8,68.5584471597036,-1.3086832,0.5779
Nigeria,2019,2.2084292771582,57,42.3,54,35.9,62.0583917677113,63.3625011444092,14.6,10.3333333333333,65.2078910458964,-1.3428292,0.599
Nigeria,2020,-1.79425308233591,38.4444444444444,42.3,42.25,48.8358490566038,62.0583917677113,63.3625011444092,8.72105263157895,6.5,68.5584471597036,-1.1049548645,0.591
Nicaragua,2010,4.40884490985366,98,50.6,99,13.6,22.4922690995416,57.1428571428572,20.1,2.03333333333333,14.3794810996344,1.4227316,0.583
Nicaragua,2011,6.31752482459839,98,50.6,99,13.3,22.4795201525219,57.1428571428572,19.2,2.03333333333333,14.9506982218594,1.3024883,0.582
Nicaragua,2012,6.49674729903211,98,50.6,99,13.1,22.3527116058236,57.1428571428572,17.8,2.2,14.9506982218594,1.2903512,0.621
Nicaragua,2013,4.92679226883017,98,50.6,99,12.8,21.9290757507362,57.1428571428572,18.1,2.03333333333333,14.9506982218594,1.283926,0.591
Nicaragua,2014,4.78517074681967,98,46.2,99,12.4,19.3877213369292,45.5,18.7,2.03333333333333,14.9506982218594,1.2993273,0.6658
Nicaragua,2015,4.79331818097826,98,50.6,99,11.9,18.5691327681799,57.1428571428572,19,2.03333333333333,11.9859572638068,1.3912883,0.6666
Nicaragua,2016,4.56231301393615,98,50.6,99,11.5,17.7277291001204,43.2000007629395,18,2.03333333333333,14.9506982218594,1.4134194,0.6761
Nicaragua,2017,4.63138368138509,98,50.6,99,11,17.6141804489581,57.1428571428572,17.6,2.03333333333333,14.9506982218594,1.2414572,0.6707
Nicaragua,2018,-3.3637057173864,98,50.6,99,10.6,21.1319372688146,42.2000007629395,18.2,2.03333333333333,14.9506982218594,1.4239687,0.668
Nicaragua,2019,-3.67425906055939,98,50.6,99,10.2,21.1319372688146,57.1428571428572,19.3,2.03333333333333,9.45054216988521,1.2045668,0.664
Nicaragua,2020,-1.97732939329578,75.375,50.6,80.45,20.8065217391304,21.1319372688146,57.1428571428572,20.8894736842105,2.03333333333333,14.9506982218594,1.32494887647059,0.682
Nepal,2010,4.81641465022406,82,32.8,86,27.3,100.784427886379,58.0999984741211,10.5,10.5111111111111,36.8196108292267,-1.0005583,0.732
Nepal,2011,3.4218282408752,92,37.2666666666667,88,26.2,100.76606073329,59.4124999046326,9.2,11.2,36.776607131653,-0.97610182,0.714
Nepal,2012,4.43849350450829,90,37.2666666666667,86,25.2,96.9632914938447,59.4124999046326,8.1,10.5111111111111,36.776607131653,-0.86896652,0.7111
Nepal,2013,3.52515317129149,92,37.2666666666667,88,24.2,95.3139856059124,59.4124999046326,7,10.5111111111111,36.776607131653,-0.83869064,0.7204
Nepal,2014,6.01148284250441,92,37.2666666666667,88,23.3,98.1160165651258,54.2999992370605,6.4,11.3,36.776607131653,-0.94112617,0.7212
Nepal,2015,3.97605327162971,91,37.2666666666667,85,22.4,96.2527681803085,59.4124999046326,5.3,10.5111111111111,27.5266598559534,-0.80450165,0.709
Nepal,2016,0.433113719381524,87,37.2666666666667,83,21.7,98.0547140291436,51,4.5,9.6,36.776607131653,-0.71532273,0.705
Nepal,2017,8.97727935643466,90,37.2666666666667,90,21,99.7343737198505,59.4124999046326,4.2,10.5111111111111,36.776607131653,-0.57156181,0.713
Nepal,2018,7.62237610539864,91,37.2666666666667,91,20.4,95.5360438944869,49.2999992370605,4.3,10.5111111111111,36.776607131653,-0.6932233,0.714
Nepal,2019,6.65705542802834,93,37.2666666666667,92,19.8,95.5360438944869,59.4124999046326,4.8,12,24.8208329609614,-0.64578843,0.706
Nepal,2020,-2.08837869543885,64.15,37.2666666666667,65.1025641025641,58.5316666666667,95.5360438944869,59.4124999046326,11.5315789473684,10.5111111111111,36.776607131653,-1.02669346904762,0.716
Benin,2010,2.11406472648392,76,43.2666666666667,68,34.5,32.3929691623113,69.8000030517578,8.5,7.16,57.661610951506,0.99369222,0.652
Benin,2011,2.96375291904201,75,43.4,70,34.1,32.5808462339065,68.9875016212463,8.3,7.16,56.7970056723986,1.1036215,0.7166
Benin,2012,4.811223315688,80,43.2666666666667,74,33.7,31.9920004396705,68.9875016212463,7.9,7.16,56.7970056723986,1.184026,0.6539
Benin,2013,7.19143372144946,77,43.2666666666667,68,33.3,31.4432986543429,68.9875016212463,7.6,7.16,56.7970056723986,1.1348246,0.7121
Argentina,2020,-9.90523485573888,82.675,45.9225806451613,89.675,13.782,15.6989201835369,23.525000333786,3.31578947368421,2.15,14.8746565462561,1.14604314238095,0.7684
Pakistan,2010,1.60668862905307,52,29.8,57,49.9,68.0051904410133,46.5999984741211,15.9,14.3285714285714,39.2103258827725,-1.2562367,0.789
Pakistan,2011,2.7484059174005,63,30.9,59,49.1,68.5449356079429,46.2499995231628,15.9,14.9,39.110937500056,-1.094046,0.784
Pakistan,2012,3.50703342009689,64,31.6230769230769,63,48.2,62.376646285051,46.2499995231628,15.9,14.3285714285714,39.110937500056,-1.0271326,0.809
Pakistan,2013,4.39645663349772,65,30.7,68,47.2,61.0221628714855,46.2499995231628,15.1,10.5,39.110937500056,-1.0776324,0.629
Pakistan,2014,4.67470798143725,69,31.6230769230769,71,46.2,59.5183627105334,45.5,13.9,14.3285714285714,39.110937500056,-0.8520022,0.629
Benin,2014,6.35767909791932,74,43.2666666666667,65,32.8,29.6604556737574,61.5,7.5,4.5,56.7970056723986,0.95647013,0.629
Pakistan,2015,4.73114747532901,72,32.6,75,45.2,60.085892907291,46.2499995231628,12.8,14.3285714285714,35.8785239382189,-0.9771809,0.629
Pakistan,2016,5.52673584474448,75,31.6230769230769,75,44.2,58.6327639272856,40.7999992370605,12.4,14.3285714285714,39.110937500056,-1.0246036,0.629
Pakistan,2017,5.55427743729406,75,31.6230769230769,76,43.2,58.2824187715197,46.2499995231628,12.1,14.3285714285714,39.110937500056,-1.2518595,0.629
Pakistan,2018,5.83641749754401,75,31.6,73,42.2,61.8933636294298,40.0999984741211,12.2,7.1,39.110937500056,-1.3152504,0.629
Pakistan,2019,0.98882943984708,75,31.6230769230769,75,41.2,61.8933636294298,46.2499995231628,12.9,14.3285714285714,33.1479592293348,-1.4454849,0.629
Pakistan,2020,0.525527438790377,49.95,31.6230769230769,51.825,63.535,61.8933636294298,46.2499995231628,15.9736842105263,14.3285714285714,39.110937500056,-1.11917982904762,0.629
Panama,2010,5.827839392469,94,51.6,97,11.5,14.1389184639819,23.25,11.8,1.36666666666667,17.7646043936081,0.14840788,0.629
Panama,2011,11.3137317481848,87,51.3,97,11.1,14.2960389925591,23.25,10.2,1.36666666666667,16.296451316681,0.18908845,0.629
Panama,2012,9.77854554707744,85,51.7,98,10.8,13.9723665117281,23.25,9.1,1.36666666666667,16.296451316681,0.26735866,0.6055
Panama,2013,6.90394805143926,80,51.5,92,10.5,13.3978705006529,23.25,8.5,1.36666666666667,16.296451316681,0.25057727,0.6011
Benin,2015,1.77815106030278,74,47.8,67,32.3,40.4706826318169,68.9875016212463,7.3,7.16,54.1182991834688,0.90747648,0.6315
Panama,2014,5.06642235455794,80,50.5,90,10.1,12.9216151340018,25.7999992370605,8.3,1.36666666666667,16.296451316681,-0.022347357,0.6469
Haiti,2010,-3.80527568536311,67,41.1,64,30.8,17.7952414023104,70.0999984741211,47.5,6.61666666666667,10.2500040055332,-0.94294685,0.753
Panama,2015,5.7330542960121,73,50.8,93,9.8,12.4907439402203,23.25,8.1,1.36666666666667,15.2785736523684,0.069970489,0.6391
Panama,2016,4.95321142279059,86,50.4,95,9.5,11.4655474228093,22.1000003814697,7.8,1.36666666666667,16.296451316681,0.23359193,0.638
Panama,2017,5.59114887553631,81,49.9,98,9.1,11.4000543321554,23.25,7.5,1.36666666666667,16.296451316681,0.28842312,0.643
Panama,2018,3.59811275823063,88,49.2,98,8.9,13.2429334566976,22.1000003814697,7.4,1.36666666666667,16.296451316681,0.1134106,0.641
Panama,2019,3.03975021130994,88,49.8,97,8.6,13.2429334566976,23.25,7.5,1.36666666666667,13.3672704197102,0.13187492,0.621
Panama,2020,-17.9493316725846,82.6,53.6296296296296,87.825,20.4783333333333,13.2429334566976,23.25,13.5157894736842,1.36666666666667,16.296451316681,0.244218803428571,0.635
Peru,2010,8.33245910749577,93,45.5,94,9.6,31.5025740143547,43.7285712105887,8.8,0.7,21.6995847795281,1.2752296,0.627
Peru,2011,6.32719240161117,91,44.7,96,9.1,31.5711656864502,43.7285712105887,7.7,0.4,22.8554950502702,1.109437,0.7176
Peru,2012,6.13972470560435,95,44.4,94,8.7,30.4944558314919,43.7285712105887,6.7,0.6,22.8554950502702,1.2017008,0.7245
Benin,2016,3.33967342629693,76,43.2666666666667,68,31.9,38.4477036582204,59.5999984741211,7.3,7.16,56.7970056723986,0.97541875,0.7697
Haiti,2011,6.15422515762516,68,41.1,65,28.4,18.7579170327382,78.3250007629395,46.8,6.61666666666667,26.879797982916,-0.72477144,0.745
Peru,2013,5.85251821084928,88,43.9,85,8.3,29.74308640988,43.7285712105887,5.6,0.4,22.8554950502702,1.1603867,0.7715
Peru,2014,2.38215737180541,88,43.1,89,7.9,27.5826726016016,34.2000007629395,5.4,0.6,22.8554950502702,0.63604528,0.7894
Peru,2015,3.25224477218451,90,43.4,92,7.6,26.0372679333249,43.7285712105887,5.9,0.6,19.1418480234165,0.47840893,0.776
Peru,2016,3.95331871520767,89,43.6,88,7.2,25.542746040526,33.7999992370605,6.9,0.6,22.8554950502702,0.51311392,0.78
Peru,2017,2.51883544233135,83,43.3,83,6.9,24.786728048654,43.7285712105887,7.6,0.5,22.8554950502702,0.70111293,0.814
Peru,2018,3.96915687018075,84,42.4,85,6.6,28.9883186618146,33.0999984741211,7.9,0.5,22.8554950502702,0.83387536,0.809
Peru,2019,2.2039747486556,88,41.5,85,6.4,28.9883186618146,43.7285712105887,8.7,0.4,17.5375809963723,1.0262949,0.804
Peru,2020,-11.1488118768393,75.95,47.8782608695652,75.9,27.8883333333333,28.9883186618146,43.7285712105887,12.1052631578947,0.76875,22.8554950502702,1.01050103380952,0.796
Philippines,2010,7.33449996034538,79,45.8857142857143,80,15,23.5923155182906,40.9000015258789,13.4,7.1,28.2227662613871,0.76569188,0.7444
Philippines,2011,3.85823282795663,87,45.8857142857143,87,14.9,22.7548344688727,45.2000002861023,13.7,7,28.4998707376966,0.98859096,0.747
Haiti,2012,0.553166536228261,66,41.1,66,28.2,17.4802448836708,78.3250007629395,47.7,5.1,26.879797982916,-0.71707922,0.739
Benin,2017,5.67155546944753,76,43.2666666666667,70,31.5,38.9999587632257,68.9875016212463,7.2,7.16,56.7970056723986,0.98936778,0.7659
Philippines,2012,6.89695171050985,88,46.5,87,14.8,22.5495836082338,45.2000002861023,13.7,7.1,28.4998707376966,0.99924016,0.7608
Philippines,2013,6.75053130142255,89,45.8857142857143,87,14.6,21.2162877744006,45.2000002861023,13.8,7.6,28.4998707376966,0.98900789,0.773
Philippines,2014,6.34798748260867,67,45.8857142857143,79,14.6,20.2595871582438,38.2999992370605,13.8,7.1,28.4998707376966,1.1219049,0.776
Philippines,2015,6.34830971672761,60,44.6,82,14.4,19.5815420172425,45.2000002861023,13.3,6.8,25.7267317242772,1.1839739,0.756
Philippines,2016,7.14945675000752,86,45.8857142857143,80,14.3,18.2269283448922,43.5,12.1,7.1,28.4998707376966,1.1973494,0.737
Philippines,2017,6.9309883258402,72,45.8857142857143,73,14,18.0697989132741,45.2000002861023,10.9,7.1,28.4998707376966,1.1785302,0.747
Philippines,2018,6.34148557131178,65,42.3,67,13.6,21.2799666486786,42.9000015258789,9.7,5.6,28.4998707376966,1.1836885,0.736
Philippines,2019,6.11852566256255,65,45.8857142857143,67,13.3,21.2799666486786,45.2000002861023,9.4,7.1,24.281664665108,1.1205109,0.762
Philippines,2020,-9.57302987461006,75.775,45.8857142857143,75.2894736842105,20.3333333333333,21.2799666486786,45.2000002861023,13.7684210526316,7.1,28.4998707376966,1.11849436047619,0.8404
Haiti,2013,3.0850086207918,65,41.1,68,27.9,16.7670112301548,78.3250007629395,47.1,6.61666666666667,26.879797982916,-0.61289543,0.738
Benin,2018,6.69725946087986,76,43.2666666666667,71,31,35.6993020899167,58.7999992370605,7.3,5,56.7970056723986,0.87002087,0.8403
Haiti,2014,3.40177722554773,63,41.1,69,27.6,16.2622245622879,74.4000015258789,46.4,6.61666666666667,26.879797982916,-0.33046404,0.75
Benin,2019,6.86568733550151,76,43.2666666666667,71,30.6,35.6993020899167,68.9875016212463,7.6,7.16,51.8319985999825,0.82947946,0.6026
Haiti,2015,1.61691511450186,64,41.1,69,27.1,15.5402772992398,78.3250007629395,46.1,6.61666666666667,28.5463594619439,0.090368114,0.789
Benin,2020,3.84879240030133,67.6,43.2666666666667,62.4571428571429,46.5433333333333,35.6993020899167,68.9875016212463,9.85789473684211,7.16,56.7970056723986,0.96049073952381,0.7805
Poland,2010,3.74051777907684,99,33.2,98,3.6,27.1765001759178,0.00999999977648258,2.5,0.7,3.95535422060168,0.51535136,0.7772
Poland,2011,4.75763800382072,99,33.2,98,3.4,26.3725070743675,0.00999999977648258,2.5,0.7,4.64798547474062,0.50977379,0.782
Poland,2012,1.32489082785044,99,33,98,3.2,24.2639773905809,0.00999999977648258,2.5,0.7,4.64798547474062,0.66096252,0.781
Poland,2013,1.12576783609582,99,33.1,98,3.1,22.9287236968437,0.00999999977648258,2.5,0.7,4.64798547474062,0.43593329,0.791
Poland,2014,3.37857807264132,98,32.8,97,3,22.2108917899162,0.00999999977648258,2.5,0.7,4.64798547474062,0.15621202,0.801
Haiti,2016,1.72254483834551,64,41.1,69,26.7,15.0864831283353,65.9000015258789,46.7,6.61666666666667,26.879797982916,-0.0040295357,0.5719
Poland,2015,4.23632630608085,98,31.8,96,2.9,22.6913180516458,0.00999999977648258,2.5,0.7,4.83864140126944,0.15169486,0.799
Poland,2016,3.14173122907013,98,31.2,96,2.8,20.9757678975963,0.00999999977648258,2.5,0.7,4.64798547474062,0.14280805,0.84
Poland,2017,4.83065457036179,96,29.7,94,2.8,20.8778222190899,0.00999999977648258,2.5,0.7,4.64798547474062,0.14617969,0.595
Poland,2018,5.353704746044,95,30.2,93,2.8,24.7968474468926,0.00999999977648258,2.5,0.7,4.64798547474062,0.093829051,0.5873
Burkina Faso,2010,8.44628157707625,91,43.28,92,30.9,37.4913287244265,65.4285725184849,13.7,15.5,65.1107187445876,-0.69373018,0.6053
Poland,2019,4.54091951432764,95,33.1733333333333,93,2.7,24.7968474468926,0.00999999977648258,2.5,0.7,5.85222082210651,-0.10221624,0.6091
Poland,2020,-2.70170919482509,97.05,33.1733333333333,95.775,9.39019607843137,24.7968474468926,0.00999999977648258,2.5,0.7,4.64798547474062,0.228681273,0.604
Haiti,2017,2.286127252106,64,41.1,69,26.3,15.0198243767223,78.3250007629395,48,3.7,26.879797982916,-0.071189493,0.5832
Burkina Faso,2011,6.62256261306693,91,43.28,89,30.2,37.2813754909085,65.4285725184849,13.1,10.4,62.5292166552015,-0.81979489,0.5459
Haiti,2018,1.66782666363679,64,41.1,69,25.8,16.9597873894944,65.9000015258789,47.9,6.61666666666667,26.879797982916,-0.13671981,0.6258
Burkina Faso,2012,6.45267237953146,90,43.28,87,29.7,38.7841514647357,65.4285725184849,12.7,10.7,62.5292166552015,-0.5381487,0.7164
Armenia,2010,2.2000000002151,94,30,97,10.1,37.5300409299361,11,4.3,4.1,4.4447260815385,-0.23854692,0.5885
Burkina Faso,2013,5.79258484509867,88,43.28,82,29,33.2872002087149,65.4285725184849,12.2,8.1,62.5292166552015,-0.40494412,0.6787
Haiti,2019,-1.68198512950129,51,41.1,65,25.3,16.9597873894944,78.3250007629395,46.8,6.61666666666667,24.6562332642119,-0.22812419,0.608092857142857
Burkina Faso,2014,4.32684561452976,91,35.3,88,28.5,33.9690931656904,65.8000030517578,12,8.5,62.5292166552015,-0.019179042,0.7832
Haiti,2020,-3.37375049597422,45.575,41.1,49.6578947368421,49.05,16.9597873894944,78.3250007629395,50.1,6.61666666666667,26.879797982916,-0.901149868319048,0.625
Burkina Faso,2015,3.9212287937935,91,43.28,88,28,46.5621675758196,65.4285725184849,12,10.2,57.7732901972285,-0.402437,0.635
Burkina Faso,2016,5.95797670754024,91,43.28,88,27.5,41.5372429103562,58.5,12.3,7.5,62.5292166552015,-0.39783883,0.7031
Burkina Faso,2017,6.20348941121868,91,43.28,88,27,42.9355925055958,65.4285725184849,12.4,8.6,62.5292166552015,-0.34821063,0.7056
Burkina Faso,2018,6.73123560805429,91,43.28,88,26.5,40.5991644734036,57.0999984741211,12.7,8.4,62.5292166552015,-0.3866947,0.6724
Burkina Faso,2019,5.69943493424034,91,43.28,88,25.9,40.5991644734036,65.4285725184849,14.4,8.1,54.1048280089536,-0.40043974,0.6299
Burkina Faso,2020,2.02238469536866,62.4,43.28,68.0285714285714,46.5019607843137,40.5991644734036,65.4285725184849,15.1368421052632,10.6307692307692,62.5292166552015,-0.449817573047619,0.6936
Bangladesh,2010,5.57178818839131,94,32.1,88,28.3,70.7649956561969,61.5999984741211,15.2,14.5458333333333,32.9783972251383,-0.094990097,0.6927
Bangladesh,2011,6.46437912277771,96,30.3555555555556,93,27,70.2105488970643,66.737500667572,15.7,15.7,33.6613876463449,-0.087769009,0.7854
Armenia,2011,4.69999999867412,95,29.4,97,9.6,38.6122752150667,11,4,3.94,5.28148042007376,-0.53213596,0.6513
Bangladesh,2012,6.5214587805942,94,30.3555555555556,88,25.8,70.7939088190512,66.737500667572,15.5,14.5458333333333,33.6613876463449,0.06861522,0.6059
Bangladesh,2013,6.0136056582172,96,30.3555555555556,91,24.6,65.6450828942286,66.737500667572,15.1,18.1,33.6613876463449,0.0059591662,0.6912
Bangladesh,2014,6.0610593590396,97,30.3555555555556,94,23.5,68.3953773999732,55.0999984741211,14.2,14.4,33.6613876463449,0.17978215,0.7046
Argentina,2011,6.00395169280579,91,42.6,95,7.6,17.382982132833,23.525000333786,3.3,2.15,14.8746565462561,1.1935216,0.639021428571429
Bangladesh,2015,6.55263987869203,98,30.3555555555556,97,22.5,66.965749241971,66.737500667572,14,14.5458333333333,28.8076630750759,0.11001652,0.658
Bangladesh,2016,7.11347821327269,98,32.4,97,21.6,60.1262746665842,49.4000015258789,13.3,14.5458333333333,33.6613876463449,0.14228147,0.6863
Bangladesh,2017,7.28417442269364,98,30.3555555555556,97,20.7,60.8457845768598,66.737500667572,12.5,14.5458333333333,33.6613876463449,-0.053510562,0.7086
Bangladesh,2018,7.86374303036237,98,30.3555555555556,97,19.8,65.7546986236791,47.2000007629395,10.8,8.4,33.6613876463449,0.35591075,0.6504
Bangladesh,2019,8.15268494677524,98,30.3555555555556,97,19.1,65.7546986236791,66.737500667572,9.7,9.8,22.6128372233556,0.28913021,0.675
Bangladesh,2020,2.37552165571601,69.4615384615385,30.3555555555556,67.421052631579,63.11,65.7546986236791,66.737500667572,14.0263157894737,14.5458333333333,33.6613876463449,0.203177475914286,0.784
Armenia,2012,7.20000000096486,95,29.6,97,9.1,37.184484644841,11,3.6,3.94,5.28148042007376,-0.71575183,0.6848
Armenia,2013,3.3,95,30.6,97,8.7,34.9372125951584,11,3.3,3.94,5.28148042007376,-0.41285992,0.7097
Armenia,2014,3.60000000058993,93,31.5,97,8.2,33.0859498151739,14.3999996185303,2.9,3.94,5.28148042007376,-0.55990952,0.6334
Guatemala,2010,2.88417542800377,94,55,93,16.2,29.9825902496593,38.7000007629395,16.5,2.28571428571429,28.3414118951755,0.32589582,0.643
Armenia,2015,3.19999999896625,94,32.4,97,7.8,34.8814326393148,11,2.8,3.94,4.80844155538981,-0.72956556,0.7128
Indonesia,2010,6.22385418062366,81,36.4,78,17.4,18.1692803289804,23,13,12.3,25.3232657616765,0.96417373,0.703
Indonesia,2011,6.16978420771008,81,39.7,80,16.8,18.0496511685651,32.5499997138977,10.7,11.375,24.7503757799095,1.0424088,0.703
Guatemala,2011,4.16390688293349,88,55,89,15.8,31.727331220151,42.7874999046326,16.5,2.28571428571429,29.7557790032796,0.41249564,0.64
Indonesia,2012,6.03005065305615,87,39.7,82,16.3,18.1701695058796,32.5499997138977,9.4,11.375,24.7503757799095,1.0481623,0.703
Armenia,2016,0.199999999825991,94,32.5,97,7.4,32.2271677279368,9.30000019073486,2.8,4.4,5.28148042007376,-0.80387908,0.703
Indonesia,2013,5.5572636889101,92,40,87,15.7,16.8791813214317,32.5499997138977,8.3,13.5,24.7503757799095,1.0562439,0.703
Indonesia,2014,5.006668425755,88,39.4,86,15.2,16.4546318303932,21.7999992370605,7.7,11.375,24.7503757799095,1.0233479,0.703
Indonesia,2015,4.87632230022123,84,39.7,87,14.5,16.6402804220914,32.5499997138977,7,11.375,21.8838899263593,0.99180186,0.685
Indonesia,2016,5.03306918280177,84,38.6,88,13.9,16.3841536261164,30.8999996185303,6.8,11.375,24.7503757799095,1.0145767,0.702
Indonesia,2017,5.06978590134916,85,38.1,90,13.4,16.5026533008949,32.5499997138977,6.4,11.375,24.7503757799095,1.6300037,0.712
Indonesia,2018,5.17429153955024,85,37.8,89,12.9,17.5226338069409,30.6000003814697,6.4,10.2,24.7503757799095,1.6140895,0.703
Indonesia,2019,5.01815971508286,85,38.2,88,12.4,17.5226338069409,32.5499997138977,6.5,11.375,18.9256595520418,1.5918735,0.713
Indonesia,2020,-2.06954349906437,64.7692307692308,34.7296296296296,68.7837837837838,32.1866666666667,17.5226338069409,32.5499997138977,13.0578947368421,11.375,24.7503757799095,1.13645343882353,0.73313
Guatemala,2012,2.97470856847661,96,55,93,15.4,29.886258891543,42.7874999046326,17,2.28571428571429,29.7557790032796,0.26710331,0.633
Armenia,2017,7.50000000164144,94,33.6,96,7.1,32.5281183420597,11,3.1,3.94,5.28148042007376,-0.74782026,0.73313
Guatemala,2013,3.69481919881751,85,55,85,15,30.0568240166434,42.7874999046326,17.6,2.28571428571429,29.7557790032796,0.27857864,0.66
Armenia,2018,5.19999999965324,92,34.4,95,6.7,35.5694600703774,9.30000019073486,3.2,3.94,5.28148042007376,-0.69741488,0.6449
Guatemala,2014,4.44397758285268,73,48.3,67,14.5,26.5278554240981,38.7000007629395,17.7,2.28571428571429,29.7557790032796,0.1085688,0.657
Armenia,2019,7.59999999853918,92,29.9,95,6.4,35.5694600703774,11,3.4,3.94,6.69449890981904,-0.68113101,0.7049
India,2010,8.49758470158106,79,33.65,82,32,95.7581794451966,29.3999996185303,16,18.7666666666667,35.0090893635252,-0.16624385,0.749
India,2011,5.2413150014405,82,35.7,84,30.7,97.5993786273197,37.9250004291535,15.6,18.7666666666667,33.5365257196186,-0.24263018,0.746
India,2012,5.45638875293319,82,33.65,83,29.5,88.1694405971172,37.9250004291535,15,18.7666666666667,33.5365257196186,-0.36517146,0.758
India,2013,6.38610640092348,83,33.65,83,28.3,91.8047916056206,37.9250004291535,15.1,18.7666666666667,33.5365257196186,0.12503737,0.748
Guatemala,2015,4.09217081621244,74,55,77,14,25.0727261043936,42.7874999046326,17.3,0.8,23.7754870267857,0.16101412,0.6726
India,2014,7.41022760516408,85,33.65,85,27.1,89.6223826850868,24,14.9,15.1,33.5365257196186,0.67909616,0.734
India,2015,7.99625378566586,87,33.65,87,25.9,89.3033342970921,37.9250004291535,14.7,20.8,28.2602532026273,0.42067152,0.722
India,2016,8.25630550178155,88,33.65,88,24.7,89.6721769313919,35.4000015258789,14.2,18.7666666666667,33.5365257196186,0.42099282,0.6655
India,2017,6.79538341898569,89,33.65,90,23.7,90.8732104688993,37.9250004291535,13.8,17.3,33.5365257196186,0.23196177,0.6679
India,2018,6.53298901141864,90,33.65,93,22.6,89.2796743442889,35.2000007629395,14,18.7666666666667,33.5365257196186,0.098013878,0.6909
India,2019,4.04155418650819,91,33.65,95,21.7,89.2796743442889,37.9250004291535,15.3,18.7666666666667,24.166184366593,0.013524999,0.6949
Armenia,2020,-7.59999999999999,91.1428571428571,32.245,94.3214285714286,17.1395348837209,35.5694600703774,11,8.41052631578947,3.94,5.28148042007376,-0.720828107142857,0.6941
India,2020,-7.9646104111382,58.4,33.65,63.0571428571429,53.1607843137255,89.2796743442889,37.9250004291535,16.9631578947368,18.7666666666667,33.5365257196186,0.393185702,0.686
Guatemala,2016,2.67780255532826,80,55,86,13.5,23.7978287704417,31,16.4,2.28571428571429,29.7557790032796,0.16346896,0.6748
Argentina,2012,-1.0264204544321,91,41.3,94,7.5,16.1350718237481,23.525000333786,3.1,2.15,14.8746565462561,1.3405669,0.6655
Guatemala,2017,3.07985149125689,82,55,86,13,24.0706489340746,42.7874999046326,16.3,2.28571428571429,29.7557790032796,0.32132259,0.6412
"Iran, Islamic Rep.",2010,5.79793830169588,99,42.0846153846154,99,12.2,38.6515017920261,24.5999994277954,6,4,10.375078918592,-0.51851708,0.686
"Iran, Islamic Rep.",2011,2.64571791806152,99,42.0846153846154,99,11.7,38.0496892011374,24.5999994277954,6.3,5.75,10.5420160999105,-0.61796379,0.686
"Iran, Islamic Rep.",2012,-7.44455702975874,99,42.0846153846154,98,11.2,38.5420524379153,24.5999994277954,6.2,5.75,10.5420160999105,-0.49264953,0.678
"Iran, Islamic Rep.",2013,-0.194073471015827,98,37.4,98,10.7,38.1010920618742,24.5999994277954,5.3,5.75,10.5420160999105,-0.41607639,0.6424375
"Iran, Islamic Rep.",2014,4.60341887988656,99,38.8,99,10.3,38.1094930586652,24.5999994277954,4.9,5.75,10.5420160999105,0.25638294,0.6424375
"Iran, Islamic Rep.",2015,-1.32064511973016,98,39.5,99,10,39.6105323808912,24.5999994277954,4.7,5.75,9.10384788208262,-0.28701606,0.6424375
"Iran, Islamic Rep.",2016,13.3962426157509,99,40,99,9.6,38.8413024769421,23.8999996185303,4.9,5.75,10.5420160999105,-0.35120466,0.6651
Guatemala,2018,3.32209799734959,86,55,87,12.6,28.6108429753904,31,16,2.28571428571429,29.7557790032796,0.60093474,0.6869
"Iran, Islamic Rep.",2017,3.75519645191902,99,40.8,99,9.2,38.9787602813703,24.5999994277954,5.2,5.75,10.5420160999105,-0.25432289,0.646
"Iran, Islamic Rep.",2018,-6.02597180315718,99,42,99,8.9,38.3941222528049,25.2999992370605,5.4,5.75,10.5420160999105,-0.20008805,0.642
"Iran, Islamic Rep.",2019,-6.78422367041092,99,42.0846153846154,99,8.6,38.3941222528049,24.5999994277954,5.5,5.75,8.08917917585891,-0.049200501,0.638
"Iran, Islamic Rep.",2020,1.66179375961026,85.925,42.0846153846154,86.525,16.4838709677419,38.3941222528049,24.5999994277954,5.33684210526316,5.75,10.5420160999105,-0.501718010047619,0.638
Iraq,2010,6.40256484471193,74,29.05,75,19.7,68.7114048185087,52.7999992370605,31.6,5.54285714285714,20.8349452738821,-0.18289922,0.635
Iraq,2011,7.546471200426,81,29.05,80,19.2,66.3626097948354,36.9500000476837,36.7,6.5,19.2178585908985,-0.70837975,0.639
Iraq,2012,13.9364301737537,73,29.5,74,18.8,66.8420768713961,36.9500000476837,37.1,5.54285714285714,19.2178585908985,-2.0343287,0.6876
Iraq,2013,7.62857118471159,74,29.05,72,18.3,63.8026959133754,36.9500000476837,36.7,5.54285714285714,19.2178585908985,-1.7221621,0.6832
Iraq,2014,0.197016710359037,72,29.05,68,17.9,56.5670302701699,47.2000007629395,36.8,5.54285714285714,19.2178585908985,-1.7139888,0.6744
Iraq,2015,4.72286401884131,68,29.05,71,17.4,66.2650379118694,36.9500000476837,37.8,5.54285714285714,15.254869135952,-1.6856639,0.6752
Guatemala,2019,3.866856574905,85,55,90,12.2,28.6108429753904,42.7874999046326,16.8,2.28571428571429,22.3097034591438,0.47808814,0.701
Iraq,2016,13.7873730187089,73,29.05,80,16.9,63.9547960734818,46.4000015258789,38.4,5.54285714285714,19.2178585908985,-1.6172326,0.71
Iraq,2017,-1.75366084478877,85,29.05,85,16.3,61.6362357139826,36.9500000476837,37.9,5.54285714285714,19.2178585908985,-1.9065895,0.715
Iraq,2018,-1.21396339905907,84,29.05,83,15.8,63.8694271202865,45.7000007629395,37.4,3,19.2178585908985,-2.0774245,0.72
Iraq,2019,4.44504963470112,84,29.05,82,15.3,63.8694271202865,36.9500000476837,37.5,5.54285714285714,15.2968313867188,-2.1534362,0.715
Iraq,2020,-10.3650901764239,70.375,29.05,68.725,22.7297297297297,63.8694271202865,36.9500000476837,30.9105263157895,5.54285714285714,19.2178585908985,-0.604471721714286,0.709
Guatemala,2020,-1.51932802919289,70.175,55,69.175,30.2553571428571,28.6108429753904,42.7874999046326,17.8263157894737,2.28571428571429,29.7557790032796,0.372472544761905,0.704
Argentina,2010,10.1253981561002,94,43.6,95,7.7,16.8591006158722,20.7999992370605,3.4,2.15,14.1294278660707,1.1526482,0.444
Jamaica,2010,-1.45714720947502,94,42.6142857142857,89,13,16.0917149782122,59.4749994277954,9.6,4.8,10.7881038281825,0.59704226,0.6853
Jamaica,2011,1.73037626746921,92,42.6142857142857,88,12.7,16.5424989128284,59.4749994277954,9.8,3.28,11.327984475856,0.60653889,0.6908
Jamaica,2012,-0.613636039869121,96,42.6142857142857,93,12.3,15.460470971142,59.4749994277954,10.1,3,11.327984475856,0.47113481,0.682
Jamaica,2013,0.5176860128024,93,42.6142857142857,94,12,14.9313997463287,59.4749994277954,10.1,3.28,11.327984475856,0.49132079,0.676
Jamaica,2014,0.689822357374339,92,42.6142857142857,92,11.6,14.0743316940445,60.5,9.7,3.6,11.327984475856,0.79190117,0.674
Jamaica,2015,0.92148712538031,91,42.6142857142857,91,11.2,14.1766593040773,59.4749994277954,9.6,3.28,9.35706031792802,0.71638435,0.673
Jamaica,2016,1.37522306445538,99,42.6142857142857,95,10.9,13.3959632146505,59.7999992370605,9.3,3.3,11.327984475856,0.79779285,0.676
Jamaica,2017,0.997123062335191,93,42.6142857142857,95,10.5,13.4041505299481,59.4749994277954,8.8,3.28,11.327984475856,0.78880471,0.682
Jamaica,2018,1.88992368121086,97,42.6142857142857,89,10.2,15.1544628477065,57.0999984741211,7.7,3.28,11.327984475856,0.8408516,0.5691
Jamaica,2019,0.892291653822227,96,42.6142857142857,94,9.8,15.1544628477065,59.4749994277954,7.7,3.28,8.97365890799868,0.64349169,0.5773
Jamaica,2020,-10.2,84.225,42.6142857142857,78.2631578947368,19.8333333333333,15.1544628477065,59.4749994277954,8.56315789473684,3.28,11.327984475856,0.710657543333333,0.5785
Jordan,2010,2.31483422063046,98,33.7,98,12,33.5505663630939,19.6000003814697,7.1,2.58,15.0511413457207,0.39442188,0.5814
Jordan,2011,2.73717988632104,98,36.1571428571429,98,11.6,33.0172614819677,18.560000038147,7.5,2.58,13.8524659025936,0.33204827,0.597
Jordan,2012,2.42935800100238,98,36.1571428571429,98,11.3,33.016935240002,18.560000038147,8.5,2.4,13.8524659025936,0.39049369,0.611
Jordan,2013,2.60994737548631,98,36.1571428571429,97,11,33.4176107170105,18.560000038147,7.9,2.58,13.8524659025936,-0.22696647,0.627
Jordan,2014,3.38407809933472,98,36.1571428571429,98,10.7,33.2054205808405,12.8999996185303,7.2,2.58,13.8524659025936,-0.33600274,0.592744444444444
Jordan,2015,2.49652879315188,99,36.1571428571429,94,10.4,34.3054492603006,18.560000038147,6.3,2.58,11.9226634849817,-0.51389509,0.592744444444444
Jordan,2016,1.9941808493012,98,36.1571428571429,96,10,33.1766166765665,21.1000003814697,7.1,2.58,13.8524659025936,-1.0940045,0.611
Jordan,2017,2.08711455126291,99,36.1571428571429,93,9.8,33.0060811782318,18.560000038147,7.7,2.58,13.8524659025936,-0.92811185,0.6073
Jordan,2018,1.93409170141707,96,36.1571428571429,92,9.5,33.5532667896108,23.3999996185303,8.2,2.58,13.8524659025936,-0.81352627,0.6291
Jordan,2019,1.95546635784412,89,36.1571428571429,87,9.2,33.5532667896108,18.560000038147,9.5,2.58,10.01022905335,-0.74543858,0.656
Jordan,2020,-1.5513843252939,91.55,36.1571428571429,86.55,21.5916666666667,33.5532667896108,18.560000038147,7.21578947368421,2.58,13.8524659025936,-0.0551587065142857,0.645807142857143
Argentina,2013,2.40532378079436,94,40.9,94,7.2,15.5973751475223,23.525000333786,2.8,2.15,14.8746565462561,1.3641006,0.6392
Kenya,2010,8.40569922421717,90,46.58,86,24.5,28.1547708424733,54.7000007629395,24.2,6.45,62.6252094087797,0.043895766,0.729
Kenya,2011,6.10826371979651,96,46.58,87,24.1,28.6628846564177,52.875,23.9,6.3,59.9667533054292,-0.072912723,0.758
Kenya,2012,4.56320913071117,94,46.58,93,23.7,29.3722798810718,52.875,24.9,6.45,59.9667533054292,-0.0026861692,0.725
Kenya,2013,5.87868056675418,87,46.58,94,23.4,28.935345281859,52.875,22.1,6.45,59.9667533054292,-0.2058098,0.713166666666667
Kenya,2014,5.35712564449969,92,46.58,95,23.1,28.9493501305453,56,20.9,4.2,59.9667533054292,0.081093207,0.713166666666667
Kenya,2015,5.71850713133514,89,40.8,96,22.7,28.5362801707429,52.875,21.5,6.45,55.9192546293415,0.031896148,0.718
Kenya,2016,5.87894929950137,89,46.58,96,22.3,28.5833772684375,46.5,23.2,6.45,59.9667533054292,-0.11347856,0.7122
Kenya,2017,4.80569652479387,82,46.58,89,21.9,28.5783742715702,52.875,24.6,6.45,59.9667533054292,-0.25115505,0.7133
Kenya,2018,6.31845070162866,92,46.58,89,21.5,28.558649159742,46.5,24.4,6.45,59.9667533054292,-0.4234232,0.729
Kenya,2019,5.36574896547464,92,46.58,89,21,28.558649159742,52.875,24.8,6.45,48.2899120809572,-0.26725292,0.686
Kenya,2020,-0.307497490498449,83.6388888888889,46.58,80.9722222222222,30.9933333333333,28.558649159742,52.875,26.2894736842105,6.45,59.9667533054292,-0.0745546285285714,0.702
Kyrgyz Republic,2010,-0.471566601130149,96,30.1,99,17.2,27.2653861665233,9.69999980926514,8.3,2.53333333333333,12.908736416894,0.14335214,0.725
Kyrgyz Republic,2011,5.95627430862646,96,27.8,97,16.5,27.5176020670984,9.69999980926514,8.1,2.53333333333333,12.9054891848555,0.077409767,0.716
Kyrgyz Republic,2012,-0.0881502010106345,96,27.4,98,16,25.4898325225044,9.69999980926514,8.1,2.8,12.9054891848555,-0.0052124024,0.7194
Kyrgyz Republic,2013,10.9154694543144,97,28.8,99,15.6,25.4403553355173,9.69999980926514,7.9,2.53333333333333,12.9054891848555,0.051791593,0.7266
Kyrgyz Republic,2014,4.02403862576861,96,26.8,96,15.2,23.2981915317797,9.69999980926514,7.6,2.8,12.9054891848555,0.26661915,0.7225
Kyrgyz Republic,2015,3.87582544821402,97,29,99,14.7,24.3447355085737,9.69999980926514,8,2.53333333333333,11.2533264945908,0.25895756,0.7241
Kyrgyz Republic,2016,4.33585591715968,96,26.8,97,14.1,23.1955557988726,9.69999980926514,7.9,2.53333333333333,12.9054891848555,0.13682462,0.7165
Kyrgyz Republic,2017,4.73993722539466,92,27.3,95,13.4,22.737768057102,9.69999980926514,7.7,2.53333333333333,12.9054891848555,0.11635213,0.736
Kyrgyz Republic,2018,3.75791012840688,94,27.7,96,12.8,25.3949537666604,9.69999980926514,7.2,2,12.9054891848555,0.2595588,0.727
Kyrgyz Republic,2019,4.60062565684829,95,29.7,96,12.3,25.3949537666604,9.69999980926514,7.2,2.53333333333333,10.4414310543389,0.1102767,0.749
Kyrgyz Republic,2020,-8.61655101811031,94.1785714285714,30.085,97.25,21.290243902439,25.3949537666604,9.69999980926514,9.16842105263158,2.53333333333333,12.9054891848555,0.21573953512381,0.782
Guyana,2010,3.77963177117167,95,45.1,95,22.5,27.3118647442014,33.2000007629395,7.3,8.71666666666667,20.5004228003982,-0.28206298,0.642
Guyana,2011,5.33920623191726,93,45.1,98,22.2,27.9294246551219,32.7399997711182,6.6,8.71666666666667,20.9356233355082,-0.058007225,0.655
Guyana,2012,5.38225998920552,97,45.1,99,21.7,26.9012994219331,32.7399997711182,5.9,8.71666666666667,20.9356233355082,0.03373903,0.716
Guyana,2013,3.65329808157458,98,45.1,99,21.3,24.8555025747394,32.7399997711182,5.9,8.71666666666667,20.9356233355082,0.0674439,0.7187
Guyana,2014,1.68640011120611,98,45.1,99,20.9,23.6482656909423,33.0999984741211,6.1,6.4,20.9356233355082,0.49869299,0.7236
Argentina,2014,-2.51261532081394,94,41.6,95,6.9,14.4669804074766,16.7000007629395,2.5,2.15,14.8746565462561,1.2707005,0.7212
Lao PDR,2010,8.52690551722873,74,35.3333333333333,64,28.6,31.7319957677006,38.1500005722046,16,10.5142857142857,38.8876581425341,-1.5839711,0.629
Lao PDR,2011,8.03865268080929,78,35.3333333333333,69,27.7,29.66966026439,38.1500005722046,15.9,5.9,37.342791184902,-1.4164436,0.629
Lao PDR,2012,8.02609843404085,79,36,72,26.9,30.2974181215728,38.1500005722046,14.5,10.5142857142857,37.342791184902,-1.3812323,0.634
Lao PDR,2013,8.02630022637751,87,35.3333333333333,82,26,30.2594893800224,38.1500005722046,12.2,10.5142857142857,37.342791184902,-1.1291461,0.633
Lao PDR,2014,7.61196344074379,88,35.3333333333333,87,25.2,28.3901717699066,31.3999996185303,9,10.5142857142857,37.342791184902,-0.72459954,0.7072
Lao PDR,2015,7.27006584339864,81,35.3333333333333,83,24.4,26.1394887557268,38.1500005722046,6.7,9.7,31.9608647239395,-0.99833459,0.7035
Lao PDR,2016,7.02283625501138,66,35.3333333333333,66,23.7,25.8010180506144,20.7999992370605,5.9,10.5142857142857,37.342791184902,-0.84681201,0.7206
Lao PDR,2017,6.8925308726989,69,35.3333333333333,72,23.1,25.1095383439169,38.1500005722046,5.6,9,37.342791184902,-0.69109339,0.7389
Lao PDR,2018,6.24796000755872,68,38.8,69,22.5,28.2287930677823,21.1000003814697,5.4,10.5142857142857,37.342791184902,-0.59577465,0.7455
Lao PDR,2019,5.4577350924848,68,35.3333333333333,69,22,28.2287930677823,38.1500005722046,5.3,10.5142857142857,25.6405037340773,-0.46563026,0.738
Guyana,2015,0.687398060728412,95,45.1,99,20.5,23.8878817398884,32.7399997711182,6.7,8.71666666666667,18.7716137112587,0.54136205,0.7195
Lao PDR,2020,0.439513530709007,45.948717948718,35.3333333333333,48.4358974358974,37.5894736842105,28.2287930677823,38.1500005722046,16.1736842105263,10.5142857142857,37.342791184902,-1.28055863066667,0.724
Lebanon,2010,7.97513555920943,82,31.8,80,6,30.8921251256718,55.7666651407878,10.2,5.1,6.51958182999586,1.4539845,0.729
Lebanon,2011,0.867339877167865,82,31.8,81,5.7,30.0691074674322,55.7666651407878,12.1,5.1,7.14551854806416,1.0618038,0.729
Lebanon,2012,2.54054249176635,83,31.8,81,5.5,30.1080518825115,55.7666651407878,14.9,5.1,7.14551854806416,1.0264002,0.739
Lebanon,2013,3.81102328373967,83,31.8,82,5.2,30.5880976678273,55.7666651407878,12.6,5.1,7.14551854806416,1.0541148,0.5899
Lebanon,2014,2.46136118805316,83,31.8,82,5,30.4445669154066,53.0999984741211,9.6,5.1,7.14551854806416,0.60133439,0.5933
Lebanon,2015,0.211611959138764,83,31.8,82,4.8,31.2292952792499,55.7666651407878,5.9,5.1,5.82404815653503,0.54376024,0.5975
Lebanon,2016,1.52952010698108,83,31.8,82,4.6,30.1718686534216,55.7666651407878,6.2,5.1,7.14551854806416,0.57907724,0.5935
Lebanon,2017,0.850699558756901,83,31.8,82,4.5,30.6211105076066,55.7666651407878,6.7,5.1,7.14551854806416,0.51870805,0.6064
Guyana,2016,3.80748343308505,97,45.1,99,20,22.3714988127167,32.5999984741211,6.3,8.71666666666667,20.9356233355082,0.53229129,0.7317
Lebanon,2018,-1.92640477077212,83,31.8,82,4.3,30.4125413356675,61.0999984741211,7.2,5.1,7.14551854806416,0.85695171,0.599
Lebanon,2019,-6.69999999994374,83,31.8,82,4.2,30.4125413356675,55.7666651407878,9.3,5.1,5.55337748107005,0.86258543,0.608
Lebanon,2020,-20.2999931945589,70.6923076923077,31.8,65.9736842105263,16.6489361702128,30.4125413356675,55.7666651407878,9.56315789473684,5.1,7.14551854806416,0.966564562352941,0.614
Liberia,2010,6.09982760205581,70,35,65,33,15.2491969118082,68.3000030517578,34.6,4,63.7276826221989,1.2364888,0.629
Liberia,2011,8.2007658404608,77,35,71,32.7,16.1470515146786,68.6500015258789,35.2,5.43333333333333,65.0819699181677,1.376731,0.639
Liberia,2012,7.99381569313657,80,35,80,32.7,16.2882074675395,68.6500015258789,36.3,5.43333333333333,65.0819699181677,1.3613656,0.7554
Liberia,2013,8.70402806598014,80,35,74,32.8,15.3828573189857,68.6500015258789,36,5.6,65.0819699181677,1.4539266,0.758
Liberia,2014,0.701143911750762,63,33.2,58,33,14.9422707148045,65.6999969482422,37.2,5.43333333333333,65.0819699181677,1.4679276,0.7266
Liberia,2015,0,80,35,74,33,18.2128041772757,68.6500015258789,36.4,5.43333333333333,64.7964267126112,1.5254533,0.7266
Guyana,2017,3.73449465629774,97,45.1,99,19.6,22.3755746295002,32.7399997711182,6,8.71666666666667,20.9356233355082,0.39657831,0.734
Liberia,2016,-1.59958407502,84,35.3,80,33.1,17.8867783575334,70.3000030517578,36.4,4.3,65.0819699181677,1.5191834,0.7325
Liberia,2017,2.46862609505123,84,35,87,33,17.9841124551525,68.6500015258789,36.6,5.43333333333333,65.0819699181677,1.5872319,0.742
Liberia,2018,1.22255131299607,84,35,91,32.8,16.6392043072358,70.3000030517578,37.5,5.43333333333333,65.0819699181677,1.540082,0.746
Liberia,2019,-2.27824512534819,74,35,85,32.4,16.6392043072358,68.6500015258789,38.9,3.4,58.4314977293647,1.5076649,0.746
Liberia,2020,-2.87072242804096,64.7619047619048,35,69.0476190476191,59.9280701754386,16.6392043072358,68.6500015258789,36.0631578947368,5.43333333333333,65.0819699181677,1.36157653333333,0.795
Guyana,2018,4.44098072442904,95,45.1,98,19.1,25.319198389414,31.1000003814697,5.5,8.71666666666667,20.9356233355082,0.41589406,0.735
Guyana,2019,5.35283078679163,99,45.1,98,18.6,25.319198389414,32.7399997711182,5.2,8.71666666666667,17.4113260046723,0.52507293,0.732
Guyana,2020,43.4795146332261,83.6,45.1,83.1842105263158,29.2183333333333,25.319198389414,32.7399997711182,6.58947368421053,8.71666666666667,20.9356233355082,-0.0272441145238095,0.733
Argentina,2015,2.73115982828944,94,45.9225806451613,89,6.6,14.6316258961135,23.525000333786,2.5,2.15,15.4917818001276,1.1430793,0.6636
Lesotho,2010,5.26628065286225,93,53.925,88,40.5,32.2405976222859,53.7000007629395,11.6,6.65,50.832460508696,0.71768695,0.6583
Lesotho,2011,4.61425223766247,96,53.925,92,41.1,31.354741200959,50.5799995422364,11.5,6.65,49.8276923223907,0.74173927,0.6908
Lesotho,2012,6.33482170116899,95,53.925,91,41.7,31.2132430668143,50.5799995422364,11.8,6.65,49.8276923223907,0.77527261,0.6916
Lesotho,2013,1.79253144466578,93,53.925,90,42.3,32.1486978248978,50.5799995422364,14.8,6.65,49.8276923223907,0.74876344,0.6716
Lesotho,2014,1.7105440042256,88,53.925,92,42.9,33.0801026085265,50.7999992370605,20.8,2.8,49.8276923223907,0.80627441,0.6782
Lesotho,2015,3.12755772382955,83,53.925,93,43.4,30.8849770749962,50.5799995422364,29.9,6.65,42.6747318886248,0.91784012,0.6784
Lesotho,2016,3.58836459667835,87,53.925,90,43.7,28.336833347013,59.7000007629395,28.3,6.65,49.8276923223907,0.97405142,0.685
Lesotho,2017,-3.14194994562207,87,44.9,90,43.6,28.0286535158261,50.5799995422364,26,6.65,49.8276923223907,1.1183457,0.68
Lesotho,2018,-1.22313731083291,87,53.925,90,43.4,30.936807771402,53.5999984741211,20.8,2.1,49.8276923223907,1.1360337,0.696
Lesotho,2019,-0.381431981522567,87,53.925,90,42.8,30.936807771402,50.5799995422364,23.5,6.65,42.1882542295161,1.1282485,0.701
Lesotho,2020,-11.0609937385315,83.6,53.925,79.1,45.7766666666667,30.936807771402,50.5799995422364,17.5105263157895,6.65,49.8276923223907,1.01842290619048,0.689
Argentina,2016,-2.08032784377811,92,42,90,6.4,13.7514440269638,14.6999998092651,2.6,2.15,14.8746565462561,0.90963876,0.7294
Morocco,2010,3.8157179167666,99,39.7666666666667,98,20,29.6489602985204,13.1000003814697,5.5,4.48333333333333,13.5048736228847,-2.0974165125,0.669
Morocco,2011,5.24569729729485,99,39.7666666666667,99,19.3,29.2665642608242,19.4250005483627,5.3,2.3,13.6133769978619,-2.0974165125,0.668
Morocco,2012,3.00996126221978,99,39.7666666666667,99,18.5,27.7902835753525,19.4250005483627,4.9,4.48333333333333,13.6133769978619,-2.2605634,0.625
Morocco,2013,4.53542420003856,99,39.5,99,17.7,29.2595191342993,19.4250005483627,4.4,4.48333333333333,13.6133769978619,-2.1930096,0.7773
Morocco,2014,2.66949392694423,99,39.7666666666667,99,16.9,29.949449987403,13.1000003814697,4.1,4.48333333333333,13.6133769978619,-2.3630846,0.783
Morocco,2015,4.53637816806425,99,39.7666666666667,99,16.1,31.4400869131751,19.4250005483627,3.8,4.48333333333333,10.7258770970721,-2.1621833,0.7839
Morocco,2016,1.05985639008179,99,39.7666666666667,99,15.4,32.9353742281018,10.1000003814697,3.8,4.48333333333333,13.6133769978619,-2.337218,0.7823
Morocco,2017,4.24894921139069,99,39.7666666666667,99,14.7,32.5935414574286,19.4250005483627,3.7,2.6,13.6133769978619,-1.977146,0.785
Morocco,2018,3.14850264440017,99,39.7666666666667,99,14.2,30.4579581961797,9.19999980926514,3.7,4.48333333333333,13.6133769978619,-1.8125131,0.807
Morocco,2019,2.48190513217455,99,39.7666666666667,99,13.6,30.4579581961797,19.4250005483627,4.2,4.48333333333333,8.9061293772705,-1.6736141,0.797
Morocco,2020,-7.11723216887476,87.2368421052632,39.7666666666667,85.1315789473684,37.635,30.4579581961797,19.4250005483627,4.97368421052632,4.48333333333333,13.6133769978619,-2.0974165125,0.794
Madagascar,2010,0.619229745623898,70,42.4,66,24,22.6620105333929,76.1999969482422,29,9.95714285714286,50.6139842438789,0.34329385,0.8496
Madagascar,2011,1.57842942055571,73,42.8125,62,23.6,23.3628596300298,78.5749983787537,28.3,9.95714285714286,51.0262653244378,0.30755839,0.853
Madagascar,2012,3.01114640755307,70,42.6,61,23.1,22.7164252696355,78.5749983787537,29.7,7.5,51.0262653244378,0.18731634,0.864
Madagascar,2013,2.30038693447709,74,42.8125,63,22.7,23.9091617576006,78.5749983787537,33.1,9.95714285714286,51.0262653244378,0.3003827,0.8731
Madagascar,2014,3.33920224407332,73,42.8125,64,22.2,23.5177666594104,77.1999969482422,37.6,9.95714285714286,51.0262653244378,0.47022483,0.8594
Madagascar,2015,3.13229588799277,69,42.8125,58,21.8,22.9504011733128,78.5749983787537,40.2,9.95714285714286,47.2712770841528,0.66098475,0.881
Madagascar,2016,3.99314608483922,77,42.8125,59,21.4,22.8957082367924,67.6999969482422,41.6,9.95714285714286,51.0262653244378,0.50602841,0.874
Madagascar,2017,3.93331617138617,74,42.8125,60,21,22.5422828750867,78.5749983787537,42.3,9.95714285714286,51.0262653244378,0.1989674,0.878
Madagascar,2018,3.20000000003624,75,42.8125,62,20.5,22.8576323442184,61.2000007629395,42.6,6.4,51.0262653244378,0.29498628,0.877
Madagascar,2019,4.39999999997099,79,42.8125,69,20.1,22.8576323442184,78.5749983787537,43.2,9.95714285714286,45.459444882299,0.50178397,0.892
Madagascar,2020,-4.20000207447691,59.3421052631579,42.8125,54.5,32.3823529411765,22.8576323442184,78.5749983787537,34.9315789473684,9.95714285714286,51.0262653244378,0.276632678238095,0.6957
Mexico,2010,5.11811814321163,95,47.2,95,9,26.3654389998875,17.4285714285714,5,3.41111111111111,11.5781091734769,1.4539845,0.7085
Mexico,2011,3.66300792950094,97,49.864705882353,98,8.8,27.7412967942738,17.4285714285714,4.9,3.41111111111111,12.1521987776733,1.0618038,0.7128
Mexico,2012,3.64232267941347,99,48.7,99,8.6,25.9816588282646,17.4285714285714,4.8,1.6,12.1521987776733,1.0264002,0.703
Mexico,2013,1.35409196151679,83,49.864705882353,89,8.4,25.4490896722485,17.4285714285714,4.3,3.41111111111111,12.1521987776733,1.0541148,0.724
Mexico,2014,2.84977325490688,87,48.7,97,8.3,23.0996897467602,11.1000003814697,4.4,3.41111111111111,12.1521987776733,0.98958576,0.717
Honduras,2010,3.73114034433009,97,53.1,98,12.8,26.8829524189731,35.3500003814697,15.9,1.87142857142857,15.4073952718777,0.028088447,0.7091
Mexico,2015,3.29315152833387,87,49.864705882353,97,8.3,22.132995848429,17.4285714285714,5,1,10.0366534189482,0.91947377,0.741
Mexico,2016,2.63053242455089,93,46.3,96,8.4,20.7068285436195,16,5.8,2,12.1521987776733,0.95040536,0.6048
Mexico,2017,2.11312913549695,85,49.864705882353,76,8.5,20.9211157874081,17.4285714285714,6.1,3.41111111111111,12.1521987776733,0.87435156,0.6117
Mexico,2018,2.19499204896051,88,45.4,97,8.7,24.4744470302943,16,6.2,3.41111111111111,12.1521987776733,0.85695171,0.6103
Mexico,2019,-0.0545279280443225,82,49.864705882353,73,8.6,24.4744470302943,17.4285714285714,7.2,1.4,9.0934368360701,0.89969587,0.6093
Mexico,2020,-8.23947327731744,81.075,49.864705882353,81.075,24.52,24.4744470302943,17.4285714285714,4.81578947368421,3.41111111111111,12.1521987776733,1.05644967823529,0.5968
Honduras,2011,3.83569066207505,97,52.6,97,12.2,28.9007471613905,35.3500003814697,13.5,1.87142857142857,16.9006641412094,-1.2873793,0.7165
Argentina,2017,2.81850297775918,86,41.1,89,6.2,13.311833946835,23.525000333786,3.1,2.15,14.8746565462561,1.0466044,0.7391
Honduras,2012,4.12868774866939,98,53.4,97,11.8,27.4471493529279,35.3500003814697,13.4,1.4,16.9006641412094,-1.5869597,0.7437
North Macedonia,2010,3.35875085773812,95,40.2,98,6.6,34.456969769624,8.30000019073486,3.4,2.575,1.67852704060863,-2.13338772222222,0.713
North Macedonia,2011,2.33988604520331,96,39.4,97,6.6,38.0831194984498,8.30000019073486,3.6,1.8,1.96917279146737,-1.4303285,0.712
North Macedonia,2012,-0.456183223607937,95,38.1,96,7.1,34.6578145508319,8.30000019073486,3.7,2.575,1.96917279146737,-1.1565833,0.71
North Macedonia,2013,2.92525766450484,98,36.2,96,8,32.0150486303937,8.30000019073486,3.6,2.575,1.96917279146737,-1.7303287,0.6499
North Macedonia,2014,3.62912351276373,95,35.2,93,9.1,31.7905412343844,8.30000019073486,3.5,2.575,1.96917279146737,-2.6465766,0.6493
North Macedonia,2015,3.85586514041738,91,35.6,89,9.6,31.9759891398985,8.30000019073486,3.3,2.575,1.82078803835952,-2.375689,0.6768
North Macedonia,2016,2.84820519363306,95,34.5,82,8.8,29.5932690733309,8.30000019073486,3,2.575,1.96917279146737,-2.4189656,0.6803
North Macedonia,2017,1.08177273813243,91,34.2,83,7.1,29.7269445083568,8.30000019073486,2.7,2.575,1.96917279146737,-2.4520612,0.7258
Honduras,2013,2.79155975746801,98,50,97,11.3,27.684136114994,35.3500003814697,14.1,1.87142857142857,16.9006641412094,-1.8440765,0.7266
North Macedonia,2018,2.88059670964267,92,33,75,5.3,34.6782495800925,8.30000019073486,2.5,2.575,1.96917279146737,-2.4310546,0.719
North Macedonia,2019,3.17415085003358,92,36.92,75,3.9,34.6782495800925,8.30000019073486,2.7,3.4,1.28361099483121,-2.558902,0.702
North Macedonia,2020,-4.53199502416193,94.0740740740741,36.92,92.9259259259259,11.7526315789474,34.6782495800925,8.30000019073486,4.06842105263158,2.575,1.96917279146737,-2.13338772222222,0.694
Mali,2010,5.31393527895875,73,40.55,78,38.8,36.3976597275607,65.9000015258789,6,8.9,66.530673456949,0.11544286,0.7
Mali,2011,3.21313378044307,66,40.55,72,37.9,35.1416443704817,67.0875005722046,4.8,10.4,65.2379139890937,0.0078264,0.692
Mali,2012,-0.83673463153076,65,40.55,67,37,34.7002262985862,67.0875005722046,4.7,12.2166666666667,65.2379139890937,0.013335418,0.6973
Mali,2013,2.29506828962617,64,40.55,62,36.2,32.3068233785002,67.0875005722046,4.8,12.2166666666667,65.2379139890937,0.11184072,0.7036
Mali,2014,7.08468388056527,66,40.55,61,35.5,33.9161157355481,56.2999992370605,4.9,13.1,65.2379139890937,0.184183,0.7013
Mali,2015,6.17180002424978,71,40.55,66,34.8,41.9269276620876,67.0875005722046,5,13.5,63.2960455842663,0.14404257,0.6948
Honduras,2014,3.0580805621437,98,49.9,96,10.9,23.1615400770342,27.5,14.6,1.87142857142857,16.9006641412094,-2.3534071,0.733
Mali,2016,5.85229919941415,76,40.55,70,34.1,38.4803952758705,47,5.3,10.6,65.2379139890937,0.22328685,0.6974
Mali,2017,5.30545608438166,77,40.55,70,33.5,38.5266061638458,67.0875005722046,6.3,10.5,65.2379139890937,0.18597619,0.693
Mali,2018,4.74648432724561,77,40.55,70,32.8,37.5951486251215,47.2000007629395,7.7,9,65.2379139890937,0.52999216,0.687
Mali,2019,4.7658605206915,77,40.55,70,32.1,37.5951486251215,67.0875005722046,10.4,9.3,60.2543251797839,0.51563728,0.691
Mali,2020,-1.64926140079287,53.8857142857143,40.55,54.9428571428572,65.2303571428572,37.5951486251215,67.0875005722046,9.12105263157895,12.2166666666667,65.2379139890937,0.396999358,0.691
Honduras,2015,3.84007997093951,98,49.2,96,10.5,22.4061962210577,35.3500003814697,14.5,1.87142857142857,11.7863930527615,-2.1966283,0.716
Myanmar,2010,9.63443945217885,90,34.4,88,28.2,44.0561152471062,49.8249988555908,13.1,9.3875,33.6351744932116,1.0533168,0.6342
Myanmar,2011,5.59148237817504,84,34.4,88,27.5,43.6199034673322,49.8249988555908,11.4,9.3875,31.2520340015101,0.97475731,0.6281
Honduras,2016,3.89297219726413,94,49.8,96,10.1,21.0869599195336,40.4000015258789,13.8,1.87142857142857,16.9006641412094,-2.28333,0.709
Myanmar,2012,7.33267044712875,84,34.4,84,26.8,42.5228123967659,49.8249988555908,11.2,9.3875,31.2520340015101,1.088401,0.6356
Myanmar,2013,8.42600102486217,75,34.4,86,26.1,42.8828694393185,49.8249988555908,10.5,9.3875,31.2520340015101,1.1195182,0.6351
Myanmar,2014,7.99091559736729,88,34.4,88,25.4,40.2889685436423,41,9.7,9.3875,31.2520340015101,1.0391212,0.6403
Myanmar,2015,6.99284029019707,89,38.1,84,24.8,38.5137820514634,49.8249988555908,8.9,9.3875,25.9983771004129,0.87454522,0.651
Myanmar,2016,5.75006450029507,90,34.4,91,24.1,36.0337009997213,56.5999984741211,8.4,6.6,31.2520340015101,0.72117066,0.649
Myanmar,2017,6.404977325147,89,30.7,83,23.6,35.5574529190767,49.8249988555908,8.1,9.3875,31.2520340015101,0.90978628,0.65
Myanmar,2018,6.7504601462238,91,34.4,93,23,40.5611201679705,56.0999984741211,7.8,6.7,31.2520340015101,0.75073808,0.657
Myanmar,2019,1.69442380959215,90,34.4,84,22.4,40.5611201679705,49.8249988555908,7.6,9.3875,21.5972988139263,0.78278816,0.638492857142857
Myanmar,2020,-9.99204468600205,66.5,34.4,75.5,34.1870967741936,40.5611201679705,49.8249988555908,17.8421052631579,9.3875,31.2520340015101,0.915565143333333,0.6318
Honduras,2017,4.84291391050387,89,49.4,96,9.8,20.6288506487651,35.3500003814697,13.2,1.87142857142857,16.9006641412094,-2.3618312,0.718
Honduras,2018,3.84499476966735,90,48.9,89,9.5,25.7308588901353,38.5999984741211,13.1,1.87142857142857,16.9006641412094,-2.432416,0.744
Montenegro,2010,2.73437443261177,94,39.3,90,4.3,25.0554063027232,27.1000003814697,2.5,3.06666666666667,1.79447247417865,1.0941705,0.7215875
Montenegro,2011,3.22841872760809,95,39.3,91,3.8,26.6292238814068,27.1000003814697,2.5,3.06666666666667,1.92566114706477,1.2306881,0.6993
Montenegro,2012,-2.72379956421398,94,41.2,90,3.3,24.680302894442,27.1000003814697,2.5,3.06666666666667,1.92566114706477,1.1705972,0.7044
Montenegro,2013,3.54898434239826,94,39,88,2.9,23.2742259885772,27.1000003814697,2.5,2.8,1.92566114706477,1.1277781,0.713
Montenegro,2014,1.78368226013417,91,38.8,76,2.4,21.9470516779019,27.1000003814697,2.5,3.06666666666667,1.92566114706477,1.0654148,0.724
Montenegro,2015,3.39035840956457,89,39,64,2.1,22.559691291127,27.1000003814697,2.5,3.06666666666667,1.51041987227129,0.94710642,0.703
Montenegro,2016,2.94934081471784,89,38.5,47,1.8,20.9240513696113,27.1000003814697,2.5,3.06666666666667,1.92566114706477,1.0179409,0.748
Honduras,2019,2.65306625480355,87,48.2,87,9.2,25.7308588901353,35.3500003814697,13.5,1.87142857142857,10.683423692717,-2.5657525,0.777
Montenegro,2017,4.71643873880667,87,39.3,58,1.6,20.7818135501738,27.1000003814697,2.5,3.06666666666667,1.92566114706477,0.98420006,0.75
Montenegro,2018,5.07786503417577,86,39.3,42,1.4,24.4846141507365,27.1000003814697,2.5,2.2,1.92566114706477,0.94757265,0.6084
Montenegro,2019,4.06295541343154,86,39.3,42,1.3,24.4846141507365,27.1000003814697,2.5,3.06666666666667,1.41387631975863,1.0517906,0.6083
Montenegro,2020,-15.158984433142,91,39.3,74.5,6.53548387096774,24.4846141507365,27.1000003814697,4,3.06666666666667,1.92566114706477,1.19768897761905,0.603
Mongolia,2010,6.36516168485748,96,33.1,97,11.6,43.3046532872718,53.8999998910087,19.1,1.6,9.61953417251207,0.85676622,0.6028
Mongolia,2011,17.290777583689,99,33.9,98,10.9,45.3601700534193,53.8999998910087,18.4,2.42222222222222,10.1301620582123,0.93775409,0.5923
Mongolia,2012,12.3198198484838,99,33.8,99,10.4,42.6543747997741,53.8999998910087,17.3,2.42222222222222,10.1301620582123,0.74426633,0.598
Mongolia,2013,11.6489161898863,98,33,97,10,42.3213112697226,53.8999998910087,14.7,1,10.1301620582123,0.82558894,0.598
Mongolia,2014,7.8852254815194,99,32,98,9.8,39.2951400589356,42.7000007629395,11.5,2.42222222222222,10.1301620582123,0.36163244,0.596
Mongolia,2015,2.37983580688481,99,33,98,9.6,42.5146498752954,53.8999998910087,8.4,2.42222222222222,8.228407505016,0.68877977,0.595
Honduras,2020,-8.96476018404584,84.15,53.9066666666667,84.225,20.9375,25.7308588901353,35.3500003814697,17.4105263157895,1.87142857142857,16.9006641412094,-0.82873571152381,0.6446
Mongolia,2016,1.1683934561722,99,32.3,98,9.3,38.2228171120005,38.2999992370605,7.4,1.2,10.1301620582123,0.73300451,0.6683
Mongolia,2017,5.33703793321978,99,33,99,9,40.1128490470476,53.8999998910087,6.3,2.42222222222222,10.1301620582123,0.79318064,0.6683
Mongolia,2018,7.24662963602634,99,32.7,99,8.6,40.6081343620256,38.2999992370605,5.5,0.9,10.1301620582123,0.69493169,0.6683
Mongolia,2019,5.15907060309905,98,33,98,8.1,40.6081343620256,53.8999998910087,4.3,2.42222222222222,6.30956602200595,0.68943703,0.6683
Mongolia,2020,-5.33555201697223,89.825,33,78.075,19.9882352941177,40.6081343620256,53.8999998910087,19.0052631578947,2.42222222222222,10.1301620582123,0.806075901428572,0.6461
Mozambique,2010,6.50235311519791,74,50.05,82,33.7,23.561468719368,80.5,24.1,6.8,62.1781951050473,-1.5248277,0.673
Argentina,2018,-2.56535188247548,86,41.3,94,6.2,15.6989201835369,14.6999998092651,3.5,2.15,14.8746565462561,0.90940398,0.6546
Mozambique,2011,7.41738431559391,78,50.05,83,33.1,22.6090715027632,78.1124992370606,21.8,6.1,61.0355624062783,-1.3180852,0.669
Mozambique,2012,7.25843925258778,81,50.05,85,32.6,22.8676010888595,78.1124992370606,21,6.8,61.0355624062783,-1.0441173,0.676
Mozambique,2013,6.96360713487071,85,50.05,86,32,22.6361599911726,78.1124992370606,22.4,6.8,61.0355624062783,-1.0894723,0.68
Mozambique,2014,7.39851279713864,88,54,87,31.4,22.614164139078,80.3000030517578,25.7,6.8,61.0355624062783,-1.5688827,0.7678
Mozambique,2015,6.72327878035819,88,50.05,87,30.9,21.9058819392491,78.1124992370606,29.7,4.4,58.4835516040188,-0.97455257,0.7666
Mozambique,2016,3.82421431921188,88,50.05,87,30.3,21.4718255446508,76.6999969482422,31.5,6.8,61.0355624062783,-1.3023647,0.7608
Mozambique,2017,3.74131759312564,88,50.05,87,29.8,21.2986954591341,78.1124992370606,31.4,6.8,61.0355624062783,-1.2873297,0.753
Mozambique,2018,3.44381383971462,88,50.05,87,29.2,22.5411506897317,77.1999969482422,31,6.8,61.0355624062783,-1.4728297,0.7255
Mozambique,2019,2.29273692652629,88,50.05,87,28.5,22.5411506897317,78.1124992370606,31.2,6.8,54.4396366039944,-1.3400244,0.706
Mozambique,2020,-1.28188697176552,64.7948717948718,50.05,67.7179487179487,47.765,22.5411506897317,78.1124992370606,29.4578947368421,6.8,61.0355624062783,-1.41284716857143,0.706
Mauritania,2010,2.62022952055378,64,39.8857142857143,67,38.3,39.6374133803318,77.533332824707,7.3,12.9666666666667,61.7104517601066,-0.17934839,0.695
Mauritania,2011,4.17278328304418,75,39.8857142857143,67,37.6,40.0431449678531,77.533332824707,7.1,13.9,59.0514912413153,-0.16259849,0.693
Mauritania,2012,4.47001318233693,80,39.8857142857143,75,37,42.3435116948771,77.533332824707,7,11.7,59.0514912413153,-0.38645777,0.695
Mauritania,2013,4.15081318627171,80,39.8857142857143,80,36.2,40.2157915543989,77.533332824707,7.3,12.9666666666667,59.0514912413153,-0.35371083,0.7132
Mauritania,2014,4.27482327130284,81,32.6,75,35.5,43.1107840801081,79.9000015258789,7.7,12.9666666666667,59.0514912413153,-0.16712686,0.7131
Mauritania,2015,5.37633923694936,73,39.8857142857143,70,34.8,49.4982559159922,77.533332824707,8.3,14.8,56.6242019867792,-0.23134805,0.7191
Mauritania,2016,1.26090922448303,74,39.8857142857143,72,34.2,46.6675877179291,79.5,8.5,12.9666666666667,59.0514912413153,-0.17235358,0.7308
Mauritania,2017,3.49717500591493,81,39.8857142857143,78,33.5,47.4229917763898,77.533332824707,8.6,12.9666666666667,59.0514912413153,-0.88191181,0.7208
Mauritania,2018,2.11526763746781,81,39.8857142857143,78,32.7,44.8463015634805,73.1999969482422,8.7,11.5,59.0514912413153,-0.88430297,0.74
Mauritania,2019,5.93144210491891,81,39.8857142857143,78,32,44.8463015634805,77.533332824707,9.1,12.9666666666667,52.7128002020344,-0.80539304,0.744
Mauritania,2020,-1.48848721412935,53.948717948718,39.8857142857143,59.2564102564103,49.2866666666667,44.8463015634805,77.533332824707,8.07368421052632,12.9666666666667,59.0514912413153,-0.409976178190476,0.742
Malawi,2010,6.87406563500947,93,45.5,93,28.2,25.6961984013482,68.9000015258789,16.4,4,63.001580066493,-1.0345384,0.725
Malawi,2011,4.85405510898316,97,48.975,96,27.4,25.1650089099494,66.6625003814697,15.2,4.53333333333333,60.0090437765159,-1.0232339,0.7429
Malawi,2012,1.88579950731871,96,48.975,90,26.3,25.7384015112371,66.6625003814697,15.9,4.53333333333333,60.0090437765159,-1.2408597,0.7399
Malawi,2013,5.19999999835552,89,48.975,88,25.1,24.6834787826944,66.6625003814697,16.2,4.53333333333333,60.0090437765159,-1.182374,0.7572
Malawi,2014,5.70000000377198,91,48.975,85,23.9,25.1982288421354,66.6999969482422,16.1,3.8,60.0090437765159,-0.69334078,0.761
Malawi,2015,2.7999999990034,88,48.975,87,22.8,24.5374293154571,66.6625003814697,16,2.8,53.5596920143652,-0.88264227,0.7691
Malawi,2016,2.48404062641858,84,44.7,81,21.9,23.09261541974,67,16.1,3.9,60.0090437765159,-0.77775985,0.752
Malawi,2017,4.00003051653046,88,48.975,83,21.1,23.5659214726087,66.6625003814697,16.5,2.4,60.0090437765159,-0.67344308,0.755
Malawi,2018,4.42062146516105,92,48.975,87,20.4,25.1921090974867,65.0999984741211,16.8,1.3,60.0090437765159,-0.73806298,0.756
Malawi,2019,5.72110607658406,95,48.975,92,19.8,25.1921090974867,66.6625003814697,17.3,0.6,49.647247988715,-0.57514811,0.758
Malawi,2020,0.799999999999955,83.375,48.975,79.925,44.1,25.1921090974867,66.6625003814697,18.8210526315789,4.53333333333333,60.0090437765159,-1.10473636761905,0.785
Namibia,2010,6.03924949142791,83,61.1333333333333,75,20.1,27.6598963258867,33.5,32.7,8.575,50.4973867978705,0.68970311,0.6982
Namibia,2011,5.09133811364791,82,61.1333333333333,74,20.3,27.0101545145848,36.7250003814697,31.5,8.575,50.4778892996836,0.93779814,0.7016
Namibia,2012,5.06168208686807,84,61.1333333333333,76,20.4,26.7987080593328,36.7250003814697,29.6,8.575,50.4778892996836,0.89451444,0.7214
Namibia,2013,5.61471961709721,89,61.1333333333333,82,20.5,27.0928160862187,36.7250003814697,26.5,7.1,50.4778892996836,0.93544638,0.698
Namibia,2014,6.09251913915392,88,61.1333333333333,83,20.4,26.018121530434,39.4000015258789,23.6,8.575,50.4778892996836,0.84719646,0.704
Namibia,2015,4.26417452873198,92,59.1,85,20.2,26.9100167290608,36.7250003814697,21,8.575,46.0524547697628,0.88633436,0.692
Namibia,2016,0.0337944884155377,85,61.1333333333333,75,20.1,25.5521419603331,42.2999992370605,20.2,8.575,50.4778892996836,0.91781497,0.691
Namibia,2017,-1.02725082313047,88,61.1333333333333,80,19.8,25.3587653984573,36.7250003814697,20,8.575,50.4778892996836,0.79011428,0.719
Namibia,2018,1.1080490927329,89,61.1333333333333,82,19.4,26.9751322416118,42.2999992370605,19.9,8.575,50.4778892996836,0.87539721,0.6452
Namibia,2019,-0.606085760066293,87,61.1333333333333,80,19.1,26.9751322416118,36.7250003814697,19.8,8.575,45.1503326089775,1.1205109,0.648
Namibia,2020,-7.98354382508364,80.4137931034483,61.1333333333333,72.1034482758621,25.9470588235294,26.9751322416118,36.7250003814697,22.421052631579,8.575,50.4778892996836,0.721523429411765,0.6616
